member,bm_id,in_game_name,start_local,stop_local,minutes,ongoing
ANT3RA,1200922599,ANT3RA,2026-10-02T16:15+10:00,2026-10-02T20:01+10:00,227,True
Bruh,967786884,[Ramp] Bruh,2026-10-02T04:58+10:00,2026-10-02T05:05+10:00,7,False
Bruh,967786884,Bruh,2026-10-02T05:11+10:00,2026-10-02T06:19+10:00,68,False
Bruh,967786884,Bruh,2026-10-02T10:29+10:00,2026-10-02T16:00+10:00,330,False
Bruh,967786884,Bruh,2026-10-02T16:11+10:00,2026-10-02T17:23+10:00,72,False
Bruh,967786884,Bruh,2026-10-02T18:57+10:00,2026-10-02T19:19+10:00,22,False
Genevtana,988895142,[Ramp] Genevtana,2026-10-02T04:45+10:00,2026-10-02T08:30+10:00,225,False
Genevtana,988895142,Genevtana,2026-10-02T11:47+10:00,2026-10-02T13:30+10:00,103,False
Genevtana,988895142,Genevtana,2026-10-02T13:58+10:00,2026-10-02T13:59+10:00,1,False
Genevtana,988895142,Genevtana,2026-10-02T14:03+10:00,2026-10-02T16:00+10:00,117,False
Genevtana,988895142,Genevtana,2026-10-02T16:10+10:00,2026-10-02T20:01+10:00,231,True
WaveFunction,393737518,[Ramp] WaveFunction,2026-10-02T04:45+10:00,2026-10-02T16:00+10:00,675,False
WaveFunction,393737518,WaveFunction,2026-10-02T17:27+10:00,2026-10-02T20:01+10:00,155,True
